{
  "phase": [
    1,
    1,
    1,
    1,
    1,
    1,
    1,
    1,
    1,
    1,
    2,
    2,
    2,
    2,
    2,
    2,
    2,
    2,
    2,
    2,
    2,
    2,
    2,
    2,
    2,
    2,
    2,
    2,
    2,
    2,
    2,
    2,
    2,
    2,
    2,
    2,
    2,
    2,
    2,
    2,
    2,
    2,
    2,
    2,
    2,
    2,
    2,
    2,
    2,
    2
  ],
  "train_loss": [
    0.8210323244333267,
    0.7674198567867279,
    0.7613854303956031,
    0.7117100276052952,
    0.7295920513570309,
    0.7307442560791969,
    0.6895487464964389,
    0.6780524015426636,
    0.6957956939935684,
    0.6632655002176762,
    0.6914793461561203,
    0.6787076473236084,
    0.6558551721274852,
    0.6528212949633598,
    0.6632412455976009,
    0.6368008702993393,
    0.6301001898944378,
    0.6148420140147209,
    0.6382968258112669,
    0.6235864788293839,
    0.6147893942892552,
    0.6072622112929821,
    0.6107574611902237,
    0.6158171009272337,
    0.6113810334354639,
    0.6064180985093117,
    0.5862662516534328,
    0.5928256083279848,
    0.5820842631161213,
    0.5689495570957661,
    0.5982754647731781,
    0.5780445005744695,
    0.5948111083358526,
    0.5820508904755115,
    0.5666362475603819,
    0.5727448262274265,
    0.5864375203847885,
    0.5657462362200022,
    0.5510346665978432,
    0.55393779091537,
    0.555463445186615,
    0.5519056290388107,
    0.5566216878592968,
    0.5600045491009951,
    0.5705568496137857,
    0.5495098534971475,
    0.5515956211835146,
    0.5820483323186636,
    0.5816114000976086,
    0.5523527894169092
  ],
  "val_acc": [
    0.525,
    0.6125,
    0.5875,
    0.6,
    0.5625,
    0.6625,
    0.65,
    0.6,
    0.7,
    0.6625,
    0.675,
    0.725,
    0.6625,
    0.7125,
    0.7,
    0.675,
    0.675,
    0.7375,
    0.6875,
    0.7375,
    0.7125,
    0.725,
    0.7,
    0.725,
    0.75,
    0.7125,
    0.75,
    0.7375,
    0.725,
    0.7375,
    0.7375,
    0.75,
    0.7375,
    0.75,
    0.7375,
    0.725,
    0.7625,
    0.725,
    0.7375,
    0.75,
    0.7375,
    0.7625,
    0.75,
    0.75,
    0.75,
    0.8,
    0.7625,
    0.7375,
    0.7625,
    0.75
  ],
  "val_precision_macro": [
    0.5297619047619048,
    0.61605415860735,
    0.5888888888888888,
    0.6023017902813299,
    0.5676132521974306,
    0.6626016260162602,
    0.650375939849624,
    0.6023017902813299,
    0.7005012531328321,
    0.6650793650793652,
    0.6767676767676767,
    0.7301790281329923,
    0.6676337846550613,
    0.7137020741671904,
    0.7,
    0.675,
    0.675,
    0.7412698412698413,
    0.6885606536769328,
    0.7376485303314572,
    0.7158730158730159,
    0.7272727272727273,
    0.7005012531328321,
    0.7255639097744361,
    0.7557544757033248,
    0.7192134107027723,
    0.75,
    0.7376485303314572,
    0.7272727272727273,
    0.7388434946574481,
    0.7376485303314572,
    0.75,
    0.7388434946574481,
    0.7506265664160401,
    0.7388434946574481,
    0.7255639097744361,
    0.7626641651031896,
    0.7255639097744361,
    0.7388434946574481,
    0.7506265664160401,
    0.7376485303314572,
    0.7626641651031896,
    0.7506265664160401,
    0.75,
    0.75,
    0.803030303030303,
    0.7639849151477058,
    0.7376485303314572,
    0.7639849151477058,
    0.7506265664160401
  ],
  "val_recall_macro": [
    0.525,
    0.6125,
    0.5875,
    0.6000000000000001,
    0.5625,
    0.6625000000000001,
    0.65,
    0.6000000000000001,
    0.7,
    0.6625,
    0.675,
    0.7250000000000001,
    0.6625,
    0.7125,
    0.7,
    0.675,
    0.675,
    0.7375,
    0.6875,
    0.7375,
    0.7125,
    0.7250000000000001,
    0.7,
    0.725,
    0.75,
    0.7125,
    0.75,
    0.7375,
    0.7250000000000001,
    0.7375,
    0.7375,
    0.75,
    0.7375,
    0.75,
    0.7375,
    0.725,
    0.7625,
    0.725,
    0.7375,
    0.75,
    0.7375,
    0.7625,
    0.75,
    0.75,
    0.75,
    0.8,
    0.7625,
    0.7375,
    0.7625,
    0.75
  ],
  "val_f1_macro": [
    0.5052083333333333,
    0.6095103133364824,
    0.5858823529411765,
    0.5977372721558768,
    0.5540691192865106,
    0.6624472573839661,
    0.6497811131957474,
    0.5977372721558768,
    0.699812382739212,
    0.6611764705882353,
    0.6741854636591479,
    0.7234443746071653,
    0.6598960793575814,
    0.7120951337818808,
    0.7,
    0.675,
    0.675,
    0.7364705882352941,
    0.6870599280237835,
    0.7374589779653071,
    0.7113725490196079,
    0.7243107769423559,
    0.699812382739212,
    0.7248280175109443,
    0.7485857950974231,
    0.7102818453786806,
    0.75,
    0.7374589779653071,
    0.7243107769423559,
    0.7371303395399781,
    0.7374589779653071,
    0.75,
    0.7371303395399781,
    0.7498436522826767,
    0.7371303395399781,
    0.7248280175109443,
    0.762462884825754,
    0.7248280175109443,
    0.7371303395399781,
    0.7498436522826767,
    0.7374589779653071,
    0.762462884825754,
    0.7498436522826767,
    0.75,
    0.75,
    0.7994987468671679,
    0.7621655452980755,
    0.7374589779653071,
    0.7621655452980755,
    0.7498436522826767
  ]
}