{
  "phase": [
    1,
    1,
    1,
    2,
    2,
    2,
    2,
    2,
    2
  ],
  "train_loss": [
    0.8023869216442108,
    0.7500756800174713,
    0.7252555191516876,
    0.7159500420093536,
    0.6646709680557251,
    0.7103371739387512,
    0.6690831840038299,
    0.6472684144973755,
    0.6562457203865051
  ],
  "val_acc": [
    0.5,
    0.5666666666666667,
    0.6,
    0.5666666666666667,
    0.6,
    0.6,
    0.6,
    0.5666666666666667,
    0.6
  ],
  "val_precision_macro": [
    0.5,
    0.575,
    0.6190476190476191,
    0.575,
    0.6076555023923444,
    0.6190476190476191,
    0.6190476190476191,
    0.575,
    0.6076555023923444
  ],
  "val_recall_macro": [
    0.5,
    0.5666666666666667,
    0.6000000000000001,
    0.5666666666666667,
    0.6,
    0.6000000000000001,
    0.6000000000000001,
    0.5666666666666667,
    0.6
  ],
  "val_f1_macro": [
    0.4712103407755582,
    0.5542857142857143,
    0.5833333333333333,
    0.5542857142857143,
    0.5927601809954751,
    0.5833333333333333,
    0.5833333333333333,
    0.5542857142857143,
    0.5927601809954751
  ]
}