{
  "test_accuracy": 0.7666666666666667,
  "test_roc_auc_fake": 0.9066666666666667,
  "best_val_accuracy": 0.6,
  "n_train": 240,
  "n_val": 30,
  "n_test": 30,
  "ensemble": true,
  "device": "cpu",
  "classification_report": "              precision    recall  f1-score   support\n\n        real     0.7000    0.9333    0.8000        15\n        fake     0.9000    0.6000    0.7200        15\n\n    accuracy                         0.7667        30\n   macro avg     0.8000    0.7667    0.7600        30\nweighted avg     0.8000    0.7667    0.7600        30\n"
}