{
  "test_accuracy": 0.7318501170960188,
  "test_roc_auc_fake": 0.8036626098974929,
  "best_val_accuracy": 0.8,
  "n_train": 6830,
  "n_val": 854,
  "n_test": 854,
  "ensemble": true,
  "device": "cpu",
  "classification_report": "              precision    recall  f1-score   support\n\n        real     0.7162    0.7681    0.7412       427\n        fake     0.7500    0.6956    0.7217       427\n\n    accuracy                         0.7319       854\n   macro avg     0.7331    0.7319    0.7315       854\nweighted avg     0.7331    0.7319    0.7315       854\n"
}